--
-- Script was generated by Devart dbForge Studio 2020 for MySQL, Version 9.0.338.0
-- Product home page: http://www.devart.com/dbforge/mysql/studio
-- Script date 12/4/2023 12:11:53 AM
-- Server version: 8.0.31
-- Client version: 4.1
--

-- 
-- Disable foreign keys
-- 
/*!40014 SET @OLD_FOREIGN_KEY_CHECKS=@@FOREIGN_KEY_CHECKS, FOREIGN_KEY_CHECKS=0 */;

-- 
-- Set SQL mode
-- 
/*!40101 SET @OLD_SQL_MODE=@@SQL_MODE, SQL_MODE='NO_AUTO_VALUE_ON_ZERO' */;

-- 
-- Set character set the client will use to send SQL statements to the server
--
SET NAMES 'utf8';

DROP DATABASE IF EXISTS `ecommerce.cart`;

CREATE DATABASE IF NOT EXISTS `ecommerce.cart`
CHARACTER SET utf8mb4
COLLATE utf8mb4_general_ci;

--
-- Set default database
--
USE `ecommerce.cart`;

--
-- Create table `cart`
--
CREATE TABLE IF NOT EXISTS cart (
  ID int NOT NULL AUTO_INCREMENT,
  UserID char(36) DEFAULT NULL,
  CreatedDate datetime DEFAULT NULL,
  CreatedBy varchar(250) DEFAULT NULL,
  ModifiedDate datetime DEFAULT NULL,
  ModifiedBy varchar(250) DEFAULT NULL,
  PRIMARY KEY (ID)
)
ENGINE = INNODB,
AUTO_INCREMENT = 11,
AVG_ROW_LENGTH = 16384,
CHARACTER SET utf8mb4,
COLLATE utf8mb4_general_ci;

--
-- Create table `cart_item`
--
CREATE TABLE IF NOT EXISTS cart_item (
  ID int NOT NULL AUTO_INCREMENT,
  ProductItemID varchar(255) DEFAULT NULL COMMENT 'id của version',
  ProductID int DEFAULT NULL,
  Quantity int DEFAULT NULL,
  CreatedDate datetime DEFAULT NULL,
  ModifiedDate datetime DEFAULT NULL,
  CreatedBy varchar(250) DEFAULT NULL,
  ModifiedBy varchar(250) DEFAULT NULL,
  CartID int NOT NULL,
  PRIMARY KEY (ID)
)
ENGINE = INNODB,
AUTO_INCREMENT = 13,
AVG_ROW_LENGTH = 8192,
CHARACTER SET utf8mb4,
COLLATE utf8mb4_general_ci;

--
-- Create foreign key
--
ALTER TABLE cart_item
ADD CONSTRAINT FKCartItem202317 FOREIGN KEY (CartID)
REFERENCES cart (ID);

-- 
-- Dumping data for table cart
--
INSERT INTO cart VALUES
(10, 'eb7f4b83-87cc-11ee-8b32-0250832bcf68', '2023-11-26 15:18:27', NULL, '2023-11-26 15:18:27', NULL);

-- 
-- Dumping data for table cart_item
--
INSERT INTO cart_item VALUES
(7, '2', 1, 2, '2023-11-26 16:20:12', '2023-11-26 16:20:12', NULL, NULL, 10),
(9, '12', 5, 1, '2023-11-26 18:00:58', '2023-11-26 18:00:58', NULL, NULL, 10),
(12, '3', 1, 1, '2023-11-26 22:38:43', '2023-11-26 22:38:43', NULL, NULL, 10);

-- 
-- Restore previous SQL mode
-- 
/*!40101 SET SQL_MODE=@OLD_SQL_MODE */;

-- 
-- Enable foreign keys
-- 
/*!40014 SET FOREIGN_KEY_CHECKS = @OLD_FOREIGN_KEY_CHECKS */;


--
-- Script was generated by Devart dbForge Studio 2020 for MySQL, Version 9.0.338.0
-- Product home page: http://www.devart.com/dbforge/mysql/studio
-- Script date 12/4/2023 12:15:56 AM
-- Server version: 8.0.31
-- Client version: 4.1
--

-- 
-- Disable foreign keys
-- 
/*!40014 SET @OLD_FOREIGN_KEY_CHECKS=@@FOREIGN_KEY_CHECKS, FOREIGN_KEY_CHECKS=0 */;

-- 
-- Set SQL mode
-- 
/*!40101 SET @OLD_SQL_MODE=@@SQL_MODE, SQL_MODE='NO_AUTO_VALUE_ON_ZERO' */;

-- 
-- Set character set the client will use to send SQL statements to the server
--
SET NAMES 'utf8';

DROP DATABASE IF EXISTS `ecommerce.product`;

CREATE DATABASE IF NOT EXISTS `ecommerce.product`
CHARACTER SET utf8mb4
COLLATE utf8mb4_general_ci;

--
-- Set default database
--
USE `ecommerce.product`;

--
-- Create table `product_type`
--
CREATE TABLE IF NOT EXISTS product_type (
  ID int NOT NULL AUTO_INCREMENT,
  TypeName varchar(500) NOT NULL DEFAULT '',
  CreatedDate datetime DEFAULT NULL,
  CreatedBy varchar(250) DEFAULT NULL,
  ModifiedDate datetime DEFAULT NULL,
  ModifiedBy varchar(250) DEFAULT NULL,
  PRIMARY KEY (ID)
)
ENGINE = INNODB,
AUTO_INCREMENT = 6,
AVG_ROW_LENGTH = 3276,
CHARACTER SET utf8mb4,
COLLATE utf8mb4_general_ci;

--
-- Create table `brand`
--
CREATE TABLE IF NOT EXISTS brand (
  ID int NOT NULL AUTO_INCREMENT,
  BrandName varchar(255) NOT NULL COMMENT 'Tên nhãn hiệu',
  LogoImageName varchar(255) DEFAULT NULL,
  CreatedDate datetime DEFAULT NULL,
  CreatedBy varchar(250) DEFAULT NULL,
  ModifiedDate datetime DEFAULT NULL,
  ModifiedBy varchar(250) DEFAULT NULL,
  PRIMARY KEY (ID)
)
ENGINE = INNODB,
AUTO_INCREMENT = 8,
AVG_ROW_LENGTH = 2340,
CHARACTER SET utf8mb4,
COLLATE utf8mb4_general_ci;

--
-- Create table `product`
--
CREATE TABLE IF NOT EXISTS product (
  ID int NOT NULL AUTO_INCREMENT,
  ProductName varchar(500) NOT NULL,
  CategoryID int DEFAULT NULL,
  WarrantyInfomation json DEFAULT NULL,
  Description text DEFAULT NULL,
  BrandID int NOT NULL,
  TypeID int NOT NULL,
  CreatedDate datetime DEFAULT NULL,
  CreatedBy varchar(255) DEFAULT NULL,
  ModifiedDate datetime DEFAULT NULL,
  ModifiedBy varchar(255) DEFAULT NULL,
  PRIMARY KEY (ID),
  UNIQUE INDEX IX_Product_ID (ID)
)
ENGINE = INNODB,
AUTO_INCREMENT = 39,
AVG_ROW_LENGTH = 512,
CHARACTER SET utf8mb4,
COLLATE utf8mb4_general_ci;

--
-- Create index `IX_Product_ProductName` on table `product`
--
ALTER TABLE product
ADD INDEX IX_Product_ProductName (ProductName);

--
-- Create foreign key
--
ALTER TABLE product
ADD CONSTRAINT FKProduct960541 FOREIGN KEY (BrandID)
REFERENCES brand (ID) ON UPDATE CASCADE;

--
-- Create foreign key
--
ALTER TABLE product
ADD CONSTRAINT FKProduct_Type FOREIGN KEY (TypeID)
REFERENCES product_type (ID) ON UPDATE CASCADE;

--
-- Create table `product_version`
--
CREATE TABLE IF NOT EXISTS product_version (
  ID int NOT NULL AUTO_INCREMENT,
  VersionName varchar(100) NOT NULL DEFAULT '',
  Price decimal(18, 2) NOT NULL,
  ThumbnailImageName varchar(255) DEFAULT NULL,
  TechnicalContent json DEFAULT NULL,
  ProductStatus tinyint DEFAULT NULL,
  ReleaseYear int DEFAULT NULL,
  Quantity int DEFAULT NULL,
  CreatedDate datetime DEFAULT NULL,
  CreatedBy varchar(250) DEFAULT NULL,
  ModifiedDate datetime DEFAULT NULL,
  ModifiedBy varchar(250) DEFAULT NULL,
  ProductID int NOT NULL,
  GroupName varchar(255) DEFAULT NULL,
  SortOrder int DEFAULT NULL,
  PRIMARY KEY (ID)
)
ENGINE = INNODB,
AUTO_INCREMENT = 92,
AVG_ROW_LENGTH = 571,
CHARACTER SET utf8mb4,
COLLATE utf8mb4_general_ci;

--
-- Create foreign key
--
ALTER TABLE product_version
ADD CONSTRAINT FKProductVer122960 FOREIGN KEY (ProductID)
REFERENCES product (ID);

--
-- Create table `product_review`
--
CREATE TABLE IF NOT EXISTS product_review (
  ID int NOT NULL AUTO_INCREMENT,
  Star tinyint DEFAULT NULL,
  Content int DEFAULT NULL,
  UserID int DEFAULT NULL,
  FullName int DEFAULT NULL,
  CreatedDate int DEFAULT NULL,
  CreatedBy int DEFAULT NULL,
  ModifiedDate int DEFAULT NULL,
  ModifiedBy int DEFAULT NULL,
  ProductID int NOT NULL,
  PRIMARY KEY (ID)
)
ENGINE = INNODB,
CHARACTER SET utf8mb4,
COLLATE utf8mb4_general_ci;

--
-- Create foreign key
--
ALTER TABLE product_review
ADD CONSTRAINT FKProductRev689888 FOREIGN KEY (ProductID)
REFERENCES product (ID) ON UPDATE CASCADE;

--
-- Create table `promotion`
--
CREATE TABLE IF NOT EXISTS promotion (
  ID int NOT NULL AUTO_INCREMENT,
  Name varchar(500) DEFAULT NULL,
  Description text DEFAULT NULL,
  DiscountPercent decimal(3, 2) DEFAULT NULL,
  StartDate datetime DEFAULT NULL,
  EndDate datetime DEFAULT NULL,
  PRIMARY KEY (ID)
)
ENGINE = INNODB,
CHARACTER SET utf8mb4,
COLLATE utf8mb4_general_ci;

--
-- Create table `product_promotion`
--
CREATE TABLE IF NOT EXISTS product_promotion (
  ProductID int NOT NULL,
  PromotionID int NOT NULL,
  CreatedDate datetime DEFAULT NULL,
  CreatedBy varchar(250) DEFAULT NULL,
  ModifiedDate datetime DEFAULT NULL,
  ModifiedBy varchar(250) DEFAULT NULL,
  PRIMARY KEY (ProductID, PromotionID)
)
ENGINE = INNODB,
CHARACTER SET utf8mb4,
COLLATE utf8mb4_general_ci;

--
-- Create foreign key
--
ALTER TABLE product_promotion
ADD CONSTRAINT FK_productpromotion_PromotionID FOREIGN KEY (PromotionID)
REFERENCES promotion (ID) ON UPDATE CASCADE;

--
-- Create foreign key
--
ALTER TABLE product_promotion
ADD CONSTRAINT FKProductPro819776 FOREIGN KEY (ProductID)
REFERENCES product (ID) ON UPDATE CASCADE;

--
-- Create table `product_image`
--
CREATE TABLE IF NOT EXISTS product_image (
  ID int NOT NULL AUTO_INCREMENT,
  Name varchar(50) NOT NULL DEFAULT '',
  ProductID int NOT NULL,
  CreatedDate datetime DEFAULT NULL,
  CreatedBy varchar(255) DEFAULT NULL,
  ModifiedDate datetime DEFAULT NULL,
  ModifiedBy varchar(255) DEFAULT NULL,
  PRIMARY KEY (ID)
)
ENGINE = INNODB,
AUTO_INCREMENT = 8,
AVG_ROW_LENGTH = 2340,
CHARACTER SET utf8mb4,
COLLATE utf8mb4_general_ci;

-- 
-- Dumping data for table product_type
--
INSERT INTO product_type VALUES
(1, 'Điện thoại', '2023-11-11 22:54:34', '', '2023-11-11 22:54:34', ''),
(2, 'Laptop', '2023-11-25 00:00:00', 'admin', NULL, NULL),
(3, 'Đồng hồ', '2023-11-25 00:00:00', NULL, NULL, NULL),
(4, 'Máy tính bảng', '2023-11-25 00:00:00', NULL, NULL, NULL),
(5, 'Tivi', '2023-11-25 00:00:00', NULL, NULL, NULL);

-- 
-- Dumping data for table brand
--
INSERT INTO brand VALUES
(1, 'Apple', NULL, NULL, NULL, '2023-10-28 17:46:54', NULL),
(2, 'Samsung', NULL, NULL, NULL, '2023-10-28 17:47:07', NULL),
(3, 'Xiaomi', NULL, NULL, NULL, '2023-10-28 17:48:34', NULL),
(4, 'LG', NULL, NULL, NULL, '2023-10-28 17:49:12', NULL),
(5, 'Huawei', NULL, '2023-10-28 17:50:51', NULL, '2023-10-28 17:50:51', NULL),
(6, 'Nokia', '', '2023-11-11 22:49:33', 'admin', '2023-11-11 22:49:33', 'admin'),
(7, 'Toshiba', '', '2023-11-11 22:49:43', 'admin', '2023-11-11 22:49:43', 'admin');

-- 
-- Dumping data for table promotion
--
-- Table `ecommerce.product`.promotion does not contain any data (it is empty)

-- 
-- Dumping data for table product
--
INSERT INTO product VALUES
(1, 'Điện thoại iPhone 15 Promax', 0, '{"Bh": "1 ĐỔI 1 trong 30 ngày nếu có lỗi phần cứng nhà sản xuất. Bảo hành 12 tháng tại trung tâm bảo hành chính hãng Apple", "Mb": "Máy mới 100% , chính hãng Apple Việt Nam.", "Box": "iPhone 15 Pro Max, Cáp Type C - Type C, Tài liệu hướng dẫn"}', 'Điện thoại iPhone 15 Pro Max 1TB mới là một sự kết hợp hoàn hảo giữa thiết kế đẳng cấp và hiệu năng vượt trội. Với dung lượng lưu trữ lớn đến 1TB, người dùng có đủ không gian cho hàng ngàn hình ảnh, video và ứng dụng yêu thích. Điểm đáng chú ý là sự tích hợp của chip A17 Pro tiên tiến giúp chiếc điện thoại iPhone 15 phiên bản cao cấp nhất này hoạt động mượt mà và xử lý nhanh chóng mọi tác vụ.', 1, 1, '2023-11-11 22:58:57', '', '2023-11-11 22:58:57', ''),
(5, 'Samsung Galaxy Z Fold', 0, '{"Bh": "1 ĐỔI 1 trong 30 ngày nếu có lỗi phần cứng nhà sản xuất. Bảo hành 12 tháng tại trung tâm bảo hành chính hãng Apple", "Mb": "Máy mới 100% , chính hãng Apple Việt Nam.", "Box": "iPhone 15 Pro Max, Cáp Type C - Type C, Tài liệu hướng dẫn"}', NULL, 1, 1, '2023-11-25 17:15:28', NULL, '2023-11-25 17:15:28', NULL),
(6, 'Samsung Galaxy Z Flip', 0, '{"Bh": "1 ĐỔI 1 trong 30 ngày nếu có lỗi phần cứng nhà sản xuất. Bảo hành 12 tháng tại trung tâm bảo hành chính hãng Apple", "Mb": "Máy mới 100% , chính hãng Apple Việt Nam.", "Box": "iPhone 15 Pro Max, Cáp Type C - Type C, Tài liệu hướng dẫn"}', NULL, 1, 1, '2023-11-25 17:20:18', NULL, '2023-11-25 17:20:18', NULL),
(7, 'Samsung Galaxy Z Flip', 0, '{"Bh": "1 ĐỔI 1 trong 30 ngày nếu có lỗi phần cứng nhà sản xuất. Bảo hành 12 tháng tại trung tâm bảo hành chính hãng Apple", "Mb": "Máy mới 100% , chính hãng Apple Việt Nam.", "Box": "iPhone 15 Pro Max, Cáp Type C - Type C, Tài liệu hướng dẫn"}', NULL, 1, 1, '2023-11-25 17:20:47', NULL, '2023-11-25 17:20:47', NULL),
(8, 'Samsung Galaxy Y', 0, '{"Bh": "1 ĐỔI 1 trong 30 ngày nếu có lỗi phần cứng nhà sản xuất. Bảo hành 12 tháng tại trung tâm bảo hành chính hãng Apple", "Mb": "Máy mới 100% , chính hãng Apple Việt Nam.", "Box": "iPhone 15 Pro Max, Cáp Type C - Type C, Tài liệu hướng dẫn"}', NULL, 1, 1, '2023-11-25 17:21:20', NULL, '2023-11-25 17:21:20', NULL),
(9, 'Samsung Galaxy Y', 0, '{"Bh": "1 ĐỔI 1 trong 30 ngày nếu có lỗi phần cứng nhà sản xuất. Bảo hành 12 tháng tại trung tâm bảo hành chính hãng Apple", "Mb": "Máy mới 100% , chính hãng Apple Việt Nam.", "Box": "iPhone 15 Pro Max, Cáp Type C - Type C, Tài liệu hướng dẫn"}', NULL, 1, 1, '2023-11-25 17:21:24', NULL, '2023-11-25 17:21:24', NULL),
(10, 'Oppo Reno 4', 0, '{"Bh": "1 ĐỔI 1 trong 30 ngày nếu có lỗi phần cứng nhà sản xuất. Bảo hành 12 tháng tại trung tâm bảo hành chính hãng Apple", "Mb": "Máy mới 100% , chính hãng Apple Việt Nam.", "Box": "iPhone 15 Pro Max, Cáp Type C - Type C, Tài liệu hướng dẫn"}', NULL, 1, 1, '2023-11-25 17:22:56', NULL, '2023-11-25 17:22:56', NULL),
(11, 'Iphone X', 0, '{"Bh": "1 ĐỔI 1 trong 30 ngày nếu có lỗi phần cứng nhà sản xuất. Bảo hành 12 tháng tại trung tâm bảo hành chính hãng Apple", "Mb": "Máy mới 100% , chính hãng Apple Việt Nam.", "Box": "iPhone 15 Pro Max, Cáp Type C - Type C, Tài liệu hướng dẫn"}', NULL, 1, 1, '2023-11-25 17:24:07', NULL, '2023-11-25 17:24:07', NULL),
(12, 'Iphone XS Max', 0, '{"Bh": "1 ĐỔI 1 trong 30 ngày nếu có lỗi phần cứng nhà sản xuất. Bảo hành 12 tháng tại trung tâm bảo hành chính hãng Apple", "Mb": "Máy mới 100% , chính hãng Apple Việt Nam.", "Box": "iPhone 15 Pro Max, Cáp Type C - Type C, Tài liệu hướng dẫn"}', NULL, 1, 1, '2023-11-25 17:27:50', NULL, '2023-11-25 17:27:50', NULL),
(13, 'Acer Nitro 5', 0, '{"Bh": "1 ĐỔI 1 trong 30 ngày nếu có lỗi phần cứng nhà sản xuất. Bảo hành 12 tháng tại trung tâm bảo hành chính hãng Apple", "Mb": "Máy mới 100% , chính hãng Apple Việt Nam.", "Box": "iPhone 15 Pro Max, Cáp Type C - Type C, Tài liệu hướng dẫn"}', NULL, 1, 2, '2023-11-25 18:08:08', NULL, '2023-11-25 18:08:08', NULL),
(14, 'Acer Gaming Aspire 7', 0, '{"Bh": "1 ĐỔI 1 trong 30 ngày nếu có lỗi phần cứng nhà sản xuất. Bảo hành 12 tháng tại trung tâm bảo hành chính hãng Apple", "Mb": "Máy mới 100% , chính hãng Apple Việt Nam.", "Box": "iPhone 15 Pro Max, Cáp Type C - Type C, Tài liệu hướng dẫn"}', NULL, 1, 2, '2023-11-25 18:09:25', NULL, '2023-11-25 18:09:25', NULL),
(15, 'Samsung Galaxy Tab S9 Ultra', 0, NULL, NULL, 1, 4, '2023-11-25 23:33:12', NULL, '2023-11-25 23:33:12', NULL),
(16, 'iPad Pro 11 inch 2022 M2', 0, NULL, NULL, 1, 4, '2023-11-25 23:34:21', NULL, '2023-11-25 23:34:21', NULL),
(17, 'iPad Air 5 10.9 inch', 0, NULL, NULL, 1, 4, '2023-11-25 23:35:29', NULL, '2023-11-25 23:35:29', NULL),
(18, 'Xiaomi Pad 6 8GB', 0, NULL, NULL, 1, 4, '2023-11-25 23:38:08', NULL, '2023-11-25 23:38:08', NULL),
(19, 'Samsung Galaxy Tab S9 FE 5G', 0, NULL, NULL, 1, 4, '2023-11-25 23:48:06', NULL, '2023-11-25 23:48:06', NULL),
(20, 'Tivi Xiaomi A Pro 4K', 0, NULL, NULL, 1, 5, '2023-11-25 23:54:01', NULL, '2023-11-25 23:54:01', NULL),
(21, 'Xiaomi Smart Display Max 86 inch', 0, NULL, NULL, 1, 5, '2023-11-25 23:55:23', NULL, '2023-11-25 23:55:23', NULL),
(22, 'Android Tivi Xiaomi A2', 0, NULL, NULL, 1, 5, '2023-11-25 23:58:54', NULL, '2023-11-25 23:58:54', NULL),
(23, 'Smart Tivi di động LG Stanby Me 27inch', 0, NULL, NULL, 1, 5, '2023-11-26 00:00:49', NULL, '2023-11-26 00:00:49', NULL),
(24, 'Xiaomi 13T Pro 5G', 0, NULL, NULL, 1, 1, '2023-11-26 00:14:41', NULL, '2023-11-26 00:14:41', NULL),
(25, 'OPPO Find N3', 0, NULL, NULL, 1, 5, '2023-11-26 00:17:47', NULL, '2023-11-26 00:17:47', NULL),
(26, 'Apple MacBook Air M1', 0, NULL, NULL, 1, 2, '2023-11-26 01:09:28', NULL, '2023-11-26 01:09:28', NULL),
(27, 'Laptop MSI Gaming Bravo 15', 0, NULL, NULL, 1, 2, '2023-11-26 01:12:05', NULL, '2023-11-26 01:12:05', NULL),
(28, 'Laptop Asus TUF GAMING F15', 0, NULL, NULL, 1, 2, '2023-11-26 01:17:16', NULL, '2023-11-26 01:17:16', NULL),
(29, 'Laptop Lenovo Ideapad Slim 5', 0, NULL, NULL, 1, 2, '2023-11-26 01:18:16', NULL, '2023-11-26 01:18:16', NULL),
(30, 'iPad mini 6 WiFi', 0, NULL, NULL, 1, 4, '2023-11-26 01:21:06', NULL, '2023-11-26 01:21:06', NULL),
(31, 'iPad Gen 10 10.9 inch 2022', 0, NULL, NULL, 1, 4, '2023-11-26 01:22:31', NULL, '2023-11-26 01:22:31', NULL),
(32, 'Google Tivi Coocaa 4K', 0, NULL, NULL, 1, 5, '2023-11-26 01:23:36', NULL, '2023-11-26 01:23:36', NULL),
(33, 'Apple Watch Series 9', 0, NULL, NULL, 1, 3, '2023-11-26 01:25:47', NULL, '2023-11-26 01:25:47', NULL),
(34, 'Đồng hồ thông minh Xiaomi Watch S1', 0, NULL, NULL, 1, 3, '2023-11-26 01:27:45', NULL, '2023-11-26 01:27:45', NULL),
(35, 'Đồng hồ thông minh Huawei Watch GT4', 0, NULL, NULL, 1, 3, '2023-11-26 01:29:34', NULL, '2023-11-26 01:29:34', NULL),
(36, 'Đồng hồ thông minh Amazfit GTR 2 New Version', 0, NULL, NULL, 1, 3, '2023-11-26 01:30:26', NULL, '2023-11-26 01:30:26', NULL),
(37, 'Samsung Galaxy Watch6', 0, NULL, NULL, 1, 3, '2023-11-26 01:31:00', NULL, '2023-11-26 01:31:00', NULL),
(38, 'Đồng hồ thông minh Kieslect Kr 2', 0, NULL, NULL, 1, 3, '2023-11-26 01:31:47', NULL, '2023-11-26 01:31:47', NULL);

-- 
-- Dumping data for table product_version
--
INSERT INTO product_version VALUES
(3, '250 GB - Titan Trắng', 33590000.00, '', '[{"Value": "6.7 inches", "Caption": "Kích thước màn hình", "FieldName": "acdjngnrjreisnvfkjfjsfds"}, {"Value": "Super Retina XDR OLED", "Caption": "Công nghệ màn hình", "FieldName": "acdjngnrjreisnvfkjfjsfdw"}, {"Value": "Camera chính: 48MP, 24 mm, ƒ/1.78, Camera góc siêu rộng: 12 MP, 13 mm, ƒ/2.2 Camera Tele 5x: 12 MP, 120 mm, ƒ/2.8 Camera Tele 2x: 12 MP, 48 mm, ƒ/1.78", "Caption": "Camera sau", "FieldName": "acdjngnrjreisnvfkjfjsfdt"}, {"Value": "12MP, ƒ/1.9", "Caption": "Camera trước", "FieldName": "acdjngnrjreisnvfkjfjsfoo"}, {"Value": "A17 Pro", "Caption": "Chipset", "FieldName": "acdjngnrjr0isnvfkjfjsfoo"}, {"Value": "8 GB", "Caption": "Dung lượng RAM", "FieldName": "acdjngnrjreisnvfkjfjsfoo"}, {"Value": "250 GB", "Caption": "Bộ nhớ trong", "FieldName": "acdjngnrjreisnvfkjfjsfoo"}, {"Value": "4422 mAh", "Caption": "Pin", "FieldName": "acdjngnrjreisnvfkjfjsfoo"}, {"Value": "2 SIM (nano‑SIM và eSIM)", "Caption": "Thẻ SIM", "FieldName": "acdjngnrjreisnvfkjfjsfoo"}, {"Value": "iOS 17", "Caption": "Hệ điều hành", "FieldName": "acdjngnrjreisnvfkjfjsfoo"}, {"Value": "2796 x 1290-pixel", "Caption": "Độ phân giải màn hình", "FieldName": "acdjngnrjreisnvfkjfjsfoo"}, {"Value": "Tốc độ làm mới 120Hz<br>460 ppi<br>HDR<br>True Tone<br>Dải màu rộng (P3)<br>Haptic Touch<br>Tỷ lệ tương phản 2.000.000:1", "Caption": "Tính năng màn hình", "FieldName": "acdjngnrjreisnvfkjfjsfoo"}]', 1, 2023, 997, '2023-11-11 23:59:43', '', '2023-11-11 23:59:43', '', 1, '250GB', 2),
(4, '250 GB - Titan Xanh', 33590000.00, '', '[{"Value": "6.7 inches", "Caption": "Kích thước màn hình", "FieldName": "acdjngnrjreisnvfkjfjsfds"}, {"Value": "Super Retina XDR OLED", "Caption": "Công nghệ màn hình", "FieldName": "acdjngnrjreisnvfkjfjsfdw"}, {"Value": "Camera chính: 48MP, 24 mm, ƒ/1.78, Camera góc siêu rộng: 12 MP, 13 mm, ƒ/2.2 Camera Tele 5x: 12 MP, 120 mm, ƒ/2.8 Camera Tele 2x: 12 MP, 48 mm, ƒ/1.78", "Caption": "Camera sau", "FieldName": "acdjngnrjreisnvfkjfjsfdt"}, {"Value": "12MP, ƒ/1.9", "Caption": "Camera trước", "FieldName": "acdjngnrjreisnvfkjfjsfoo"}, {"Value": "A17 Pro", "Caption": "Chipset", "FieldName": "acdjngnrjr0isnvfkjfjsfoo"}, {"Value": "8 GB", "Caption": "Dung lượng RAM", "FieldName": "acdjngnrjreisnvfkjfjsfoo"}, {"Value": "250 GB", "Caption": "Bộ nhớ trong", "FieldName": "acdjngnrjreisnvfkjfjsfoo"}, {"Value": "4422 mAh", "Caption": "Pin", "FieldName": "acdjngnrjreisnvfkjfjsfoo"}, {"Value": "2 SIM (nano‑SIM và eSIM)", "Caption": "Thẻ SIM", "FieldName": "acdjngnrjreisnvfkjfjsfoo"}, {"Value": "iOS 17", "Caption": "Hệ điều hành", "FieldName": "acdjngnrjreisnvfkjfjsfoo"}, {"Value": "2796 x 1290-pixel", "Caption": "Độ phân giải màn hình", "FieldName": "acdjngnrjreisnvfkjfjsfoo"}, {"Value": "Tốc độ làm mới 120Hz<br>460 ppi<br>HDR<br>True Tone<br>Dải màu rộng (P3)<br>Haptic Touch<br>Tỷ lệ tương phản 2.000.000:1", "Caption": "Tính năng màn hình", "FieldName": "acdjngnrjreisnvfkjfjsfoo"}]', 1, 2023, 1000, '2023-11-11 23:59:43', '', '2023-11-11 23:59:43', '', 1, '250GB', 3),
(5, '500 GB - Titan Đen', 39790000.00, '', '[{"Value": "6.7 inches", "Caption": "Kích thước màn hình", "FieldName": "acdjngnrjreisnvfkjfjsfds"}, {"Value": "Super Retina XDR OLED", "Caption": "Công nghệ màn hình", "FieldName": "acdjngnrjreisnvfkjfjsfdw"}, {"Value": "Camera chính: 48MP, 24 mm, ƒ/1.78, Camera góc siêu rộng: 12 MP, 13 mm, ƒ/2.2 Camera Tele 5x: 12 MP, 120 mm, ƒ/2.8 Camera Tele 2x: 12 MP, 48 mm, ƒ/1.78", "Caption": "Camera sau", "FieldName": "acdjngnrjreisnvfkjfjsfdt"}, {"Value": "12MP, ƒ/1.9", "Caption": "Camera trước", "FieldName": "acdjngnrjreisnvfkjfjsfoo"}, {"Value": "A17 Pro", "Caption": "Chipset", "FieldName": "acdjngnrjr0isnvfkjfjsfoo"}, {"Value": "8 GB", "Caption": "Dung lượng RAM", "FieldName": "acdjngnrjreisnvfkjfjsfoo"}, {"Value": "500 GB", "Caption": "Bộ nhớ trong", "FieldName": "acdjngnrjreisnvfkjfjsfoo"}, {"Value": "4422 mAh", "Caption": "Pin", "FieldName": "acdjngnrjreisnvfkjfjsfoo"}, {"Value": "2 SIM (nano‑SIM và eSIM)", "Caption": "Thẻ SIM", "FieldName": "acdjngnrjreisnvfkjfjsfoo"}, {"Value": "iOS 17", "Caption": "Hệ điều hành", "FieldName": "acdjngnrjreisnvfkjfjsfoo"}, {"Value": "2796 x 1290-pixel", "Caption": "Độ phân giải màn hình", "FieldName": "acdjngnrjreisnvfkjfjsfoo"}, {"Value": "Tốc độ làm mới 120Hz<br>460 ppi<br>HDR<br>True Tone<br>Dải màu rộng (P3)<br>Haptic Touch<br>Tỷ lệ tương phản 2.000.000:1", "Caption": "Tính năng màn hình", "FieldName": "acdjngnrjreisnvfkjfjsfoo"}]', 1, 2023, 1000, '2023-11-11 23:59:43', '', '2023-11-11 23:59:43', '', 1, '500GB', 1),
(6, '500 GB - Titan Trắng', 39590000.00, '', '[{"Value": "6.7 inches", "Caption": "Kích thước màn hình", "FieldName": "acdjngnrjreisnvfkjfjsfds"}, {"Value": "Super Retina XDR OLED", "Caption": "Công nghệ màn hình", "FieldName": "acdjngnrjreisnvfkjfjsfdw"}, {"Value": "Camera chính: 48MP, 24 mm, ƒ/1.78, Camera góc siêu rộng: 12 MP, 13 mm, ƒ/2.2 Camera Tele 5x: 12 MP, 120 mm, ƒ/2.8 Camera Tele 2x: 12 MP, 48 mm, ƒ/1.78", "Caption": "Camera sau", "FieldName": "acdjngnrjreisnvfkjfjsfdt"}, {"Value": "12MP, ƒ/1.9", "Caption": "Camera trước", "FieldName": "acdjngnrjreisnvfkjfjsfoo"}, {"Value": "A17 Pro", "Caption": "Chipset", "FieldName": "acdjngnrjr0isnvfkjfjsfoo"}, {"Value": "8 GB", "Caption": "Dung lượng RAM", "FieldName": "acdjngnrjreisnvfkjfjsfoo"}, {"Value": "500 GB", "Caption": "Bộ nhớ trong", "FieldName": "acdjngnrjreisnvfkjfjsfoo"}, {"Value": "4422 mAh", "Caption": "Pin", "FieldName": "acdjngnrjreisnvfkjfjsfoo"}, {"Value": "2 SIM (nano‑SIM và eSIM)", "Caption": "Thẻ SIM", "FieldName": "acdjngnrjreisnvfkjfjsfoo"}, {"Value": "iOS 17", "Caption": "Hệ điều hành", "FieldName": "acdjngnrjreisnvfkjfjsfoo"}, {"Value": "2796 x 1290-pixel", "Caption": "Độ phân giải màn hình", "FieldName": "acdjngnrjreisnvfkjfjsfoo"}, {"Value": "Tốc độ làm mới 120Hz<br>460 ppi<br>HDR<br>True Tone<br>Dải màu rộng (P3)<br>Haptic Touch<br>Tỷ lệ tương phản 2.000.000:1", "Caption": "Tính năng màn hình", "FieldName": "acdjngnrjreisnvfkjfjsfoo"}]', 1, 2023, 1000, '2023-11-11 23:59:43', '', '2023-11-11 23:59:43', '', 1, '500GB', 2),
(7, '500 GB - Titan Xanh', 39790000.00, '', '[{"Value": "6.7 inches", "Caption": "Kích thước màn hình", "FieldName": "acdjngnrjreisnvfkjfjsfds"}, {"Value": "Super Retina XDR OLED", "Caption": "Công nghệ màn hình", "FieldName": "acdjngnrjreisnvfkjfjsfdw"}, {"Value": "Camera chính: 48MP, 24 mm, ƒ/1.78, Camera góc siêu rộng: 12 MP, 13 mm, ƒ/2.2 Camera Tele 5x: 12 MP, 120 mm, ƒ/2.8 Camera Tele 2x: 12 MP, 48 mm, ƒ/1.78", "Caption": "Camera sau", "FieldName": "acdjngnrjreisnvfkjfjsfdt"}, {"Value": "12MP, ƒ/1.9", "Caption": "Camera trước", "FieldName": "acdjngnrjreisnvfkjfjsfoo"}, {"Value": "A17 Pro", "Caption": "Chipset", "FieldName": "acdjngnrjr0isnvfkjfjsfoo"}, {"Value": "8 GB", "Caption": "Dung lượng RAM", "FieldName": "acdjngnrjreisnvfkjfjsfoo"}, {"Value": "500 GB", "Caption": "Bộ nhớ trong", "FieldName": "acdjngnrjreisnvfkjfjsfoo"}, {"Value": "4422 mAh", "Caption": "Pin", "FieldName": "acdjngnrjreisnvfkjfjsfoo"}, {"Value": "2 SIM (nano‑SIM và eSIM)", "Caption": "Thẻ SIM", "FieldName": "acdjngnrjreisnvfkjfjsfoo"}, {"Value": "iOS 17", "Caption": "Hệ điều hành", "FieldName": "acdjngnrjreisnvfkjfjsfoo"}, {"Value": "2796 x 1290-pixel", "Caption": "Độ phân giải màn hình", "FieldName": "acdjngnrjreisnvfkjfjsfoo"}, {"Value": "Tốc độ làm mới 120Hz<br>460 ppi<br>HDR<br>True Tone<br>Dải màu rộng (P3)<br>Haptic Touch<br>Tỷ lệ tương phản 2.000.000:1", "Caption": "Tính năng màn hình", "FieldName": "acdjngnrjreisnvfkjfjsfoo"}]', 1, 2023, 999, '2023-11-11 23:59:43', '', '2023-11-11 23:59:43', '', 1, '500GB', 3),
(8, '1TB - Titan Đen', 46790000.00, '', '[{"Value": "6.7 inches", "Caption": "Kích thước màn hình", "FieldName": "acdjngnrjreisnvfkjfjsfds"}, {"Value": "Super Retina XDR OLED", "Caption": "Công nghệ màn hình", "FieldName": "acdjngnrjreisnvfkjfjsfdw"}, {"Value": "Camera chính: 48MP, 24 mm, ƒ/1.78, Camera góc siêu rộng: 12 MP, 13 mm, ƒ/2.2 Camera Tele 5x: 12 MP, 120 mm, ƒ/2.8 Camera Tele 2x: 12 MP, 48 mm, ƒ/1.78", "Caption": "Camera sau", "FieldName": "acdjngnrjreisnvfkjfjsfdt"}, {"Value": "12MP, ƒ/1.9", "Caption": "Camera trước", "FieldName": "acdjngnrjreisnvfkjfjsfoo"}, {"Value": "A17 Pro", "Caption": "Chipset", "FieldName": "acdjngnrjr0isnvfkjfjsfoo"}, {"Value": "8 GB", "Caption": "Dung lượng RAM", "FieldName": "acdjngnrjreisnvfkjfjsfoo"}, {"Value": "1 TB", "Caption": "Bộ nhớ trong", "FieldName": "acdjngnrjreisnvfkjfjsfoo"}, {"Value": "4422 mAh", "Caption": "Pin", "FieldName": "acdjngnrjreisnvfkjfjsfoo"}, {"Value": "2 SIM (nano‑SIM và eSIM)", "Caption": "Thẻ SIM", "FieldName": "acdjngnrjreisnvfkjfjsfoo"}, {"Value": "iOS 17", "Caption": "Hệ điều hành", "FieldName": "acdjngnrjreisnvfkjfjsfoo"}, {"Value": "2796 x 1290-pixel", "Caption": "Độ phân giải màn hình", "FieldName": "acdjngnrjreisnvfkjfjsfoo"}, {"Value": "Tốc độ làm mới 120Hz<br>460 ppi<br>HDR<br>True Tone<br>Dải màu rộng (P3)<br>Haptic Touch<br>Tỷ lệ tương phản 2.000.000:1", "Caption": "Tính năng màn hình", "FieldName": "acdjngnrjreisnvfkjfjsfoo"}]', 1, 2023, 1000, '2023-11-11 23:59:43', '', '2023-11-11 23:59:43', '', 1, '1TB', 1),
(9, '1TB - Titan Trắng', 45590000.00, '', '[{"Value": "6.7 inches", "Caption": "Kích thước màn hình", "FieldName": "acdjngnrjreisnvfkjfjsfds"}, {"Value": "Super Retina XDR OLED", "Caption": "Công nghệ màn hình", "FieldName": "acdjngnrjreisnvfkjfjsfdw"}, {"Value": "Camera chính: 48MP, 24 mm, ƒ/1.78, Camera góc siêu rộng: 12 MP, 13 mm, ƒ/2.2 Camera Tele 5x: 12 MP, 120 mm, ƒ/2.8 Camera Tele 2x: 12 MP, 48 mm, ƒ/1.78", "Caption": "Camera sau", "FieldName": "acdjngnrjreisnvfkjfjsfdt"}, {"Value": "12MP, ƒ/1.9", "Caption": "Camera trước", "FieldName": "acdjngnrjreisnvfkjfjsfoo"}, {"Value": "A17 Pro", "Caption": "Chipset", "FieldName": "acdjngnrjr0isnvfkjfjsfoo"}, {"Value": "8 GB", "Caption": "Dung lượng RAM", "FieldName": "acdjngnrjreisnvfkjfjsfoo"}, {"Value": "1 TB", "Caption": "Bộ nhớ trong", "FieldName": "acdjngnrjreisnvfkjfjsfoo"}, {"Value": "4422 mAh", "Caption": "Pin", "FieldName": "acdjngnrjreisnvfkjfjsfoo"}, {"Value": "2 SIM (nano‑SIM và eSIM)", "Caption": "Thẻ SIM", "FieldName": "acdjngnrjreisnvfkjfjsfoo"}, {"Value": "iOS 17", "Caption": "Hệ điều hành", "FieldName": "acdjngnrjreisnvfkjfjsfoo"}, {"Value": "2796 x 1290-pixel", "Caption": "Độ phân giải màn hình", "FieldName": "acdjngnrjreisnvfkjfjsfoo"}, {"Value": "Tốc độ làm mới 120Hz<br>460 ppi<br>HDR<br>True Tone<br>Dải màu rộng (P3)<br>Haptic Touch<br>Tỷ lệ tương phản 2.000.000:1", "Caption": "Tính năng màn hình", "FieldName": "acdjngnrjreisnvfkjfjsfoo"}]', 1, 2023, 998, '2023-11-11 23:59:43', '', '2023-11-11 23:59:43', '', 1, '1TB', 2),
(10, '1TB - Titan Xanh', 45790000.00, '', '[{"Value": "6.7 inches", "Caption": "Kích thước màn hình", "FieldName": "acdjngnrjreisnvfkjfjsfds"}, {"Value": "Super Retina XDR OLED", "Caption": "Công nghệ màn hình", "FieldName": "acdjngnrjreisnvfkjfjsfdw"}, {"Value": "Camera chính: 48MP, 24 mm, ƒ/1.78, Camera góc siêu rộng: 12 MP, 13 mm, ƒ/2.2 Camera Tele 5x: 12 MP, 120 mm, ƒ/2.8 Camera Tele 2x: 12 MP, 48 mm, ƒ/1.78", "Caption": "Camera sau", "FieldName": "acdjngnrjreisnvfkjfjsfdt"}, {"Value": "12MP, ƒ/1.9", "Caption": "Camera trước", "FieldName": "acdjngnrjreisnvfkjfjsfoo"}, {"Value": "A17 Pro", "Caption": "Chipset", "FieldName": "acdjngnrjr0isnvfkjfjsfoo"}, {"Value": "8 GB", "Caption": "Dung lượng RAM", "FieldName": "acdjngnrjreisnvfkjfjsfoo"}, {"Value": "1 TB", "Caption": "Bộ nhớ trong", "FieldName": "acdjngnrjreisnvfkjfjsfoo"}, {"Value": "4422 mAh", "Caption": "Pin", "FieldName": "acdjngnrjreisnvfkjfjsfoo"}, {"Value": "2 SIM (nano‑SIM và eSIM)", "Caption": "Thẻ SIM", "FieldName": "acdjngnrjreisnvfkjfjsfoo"}, {"Value": "iOS 17", "Caption": "Hệ điều hành", "FieldName": "acdjngnrjreisnvfkjfjsfoo"}, {"Value": "2796 x 1290-pixel", "Caption": "Độ phân giải màn hình", "FieldName": "acdjngnrjreisnvfkjfjsfoo"}, {"Value": "Tốc độ làm mới 120Hz<br>460 ppi<br>HDR<br>True Tone<br>Dải màu rộng (P3)<br>Haptic Touch<br>Tỷ lệ tương phản 2.000.000:1", "Caption": "Tính năng màn hình", "FieldName": "acdjngnrjreisnvfkjfjsfoo"}]', 1, 2023, 1000, '2023-11-11 23:59:43', '', '2023-11-11 23:59:43', '', 1, '1TB', 3),
(12, '128GB', 12345668.00, NULL, NULL, 1, 2022, 199, '2023-11-25 17:15:30', NULL, '2023-11-25 17:15:30', NULL, 5, NULL, 0),
(13, '256GB', 20000000.00, NULL, NULL, 1, 2022, 200, '2023-11-25 17:15:30', NULL, '2023-11-25 17:15:30', NULL, 5, NULL, 0),
(14, '128GB', 12345668.00, NULL, NULL, 1, 2022, 200, '2023-11-25 17:20:18', NULL, '2023-11-25 17:20:18', NULL, 6, NULL, 0),
(15, '256GB', 20000000.00, NULL, NULL, 1, 2022, 200, '2023-11-25 17:20:18', NULL, '2023-11-25 17:20:18', NULL, 6, NULL, 0),
(16, '128GB', 12345668.00, NULL, NULL, 1, 2022, 200, '2023-11-25 17:20:47', NULL, '2023-11-25 17:20:47', NULL, 7, NULL, 0),
(17, '256GB', 20000000.00, NULL, NULL, 1, 2022, 200, '2023-11-25 17:20:47', NULL, '2023-11-25 17:20:47', NULL, 7, NULL, 0),
(18, '128GB', 12345668.00, NULL, NULL, 1, 2022, 200, '2023-11-25 17:21:20', NULL, '2023-11-25 17:21:20', NULL, 8, NULL, 0),
(19, '256GB', 20000000.00, NULL, NULL, 1, 2022, 200, '2023-11-25 17:21:20', NULL, '2023-11-25 17:21:20', NULL, 8, NULL, 0),
(20, '128GB', 12345668.00, NULL, NULL, 1, 2022, 200, '2023-11-25 17:21:24', NULL, '2023-11-25 17:21:24', NULL, 9, NULL, 0),
(21, '256GB', 20000000.00, NULL, NULL, 1, 2022, 200, '2023-11-25 17:21:24', NULL, '2023-11-25 17:21:24', NULL, 9, NULL, 0),
(22, '128GB', 12345668.00, NULL, NULL, 1, 2022, 200, '2023-11-25 17:22:56', NULL, '2023-11-25 17:22:56', NULL, 10, NULL, 0),
(23, '256GB', 20000000.00, NULL, NULL, 1, 2022, 200, '2023-11-25 17:22:56', NULL, '2023-11-25 17:22:56', NULL, 10, NULL, 0),
(24, '128GB', 12345668.00, NULL, NULL, 1, 2022, 200, '2023-11-25 17:24:07', NULL, '2023-11-25 17:24:07', NULL, 11, NULL, 0),
(25, '256GB', 20000000.00, NULL, NULL, 1, 2022, 200, '2023-11-25 17:24:07', NULL, '2023-11-25 17:24:07', NULL, 11, NULL, 0),
(26, '128GB', 12345668.00, NULL, NULL, 1, 2022, 200, '2023-11-25 17:27:50', NULL, '2023-11-25 17:27:50', NULL, 12, NULL, 0),
(27, '256GB', 20000000.00, NULL, NULL, 1, 2022, 200, '2023-11-25 17:27:50', NULL, '2023-11-25 17:27:50', NULL, 12, NULL, 0),
(28, 'Đen', 20000000.00, NULL, NULL, 1, 2022, 199, '2023-11-25 18:08:08', NULL, '2023-11-25 18:08:08', NULL, 13, NULL, 0),
(29, 'Đen', 16000000.00, NULL, NULL, 1, 2022, 200, '2023-11-25 18:09:25', NULL, '2023-11-25 18:09:25', NULL, 14, NULL, 0),
(30, '16GB 1TB - Đen', 24000000.00, NULL, NULL, 1, 2022, 200, '2023-11-25 23:33:12', NULL, '2023-11-25 23:33:12', NULL, 15, NULL, 0),
(31, 'Wifi 2TB', 559000000.00, NULL, NULL, 1, 2022, 200, '2023-11-25 23:34:21', NULL, '2023-11-25 23:34:21', NULL, 16, NULL, 0),
(32, '5G 256GB', 20190000.00, NULL, NULL, 1, 2022, 200, '2023-11-25 23:35:29', NULL, '2023-11-25 23:35:29', NULL, 17, NULL, 0),
(33, '256GB', 9140000.00, NULL, NULL, 1, 2022, 200, '2023-11-25 23:38:08', NULL, '2023-11-25 23:38:08', NULL, 18, NULL, 0),
(34, '128GB', 7140000.00, NULL, NULL, 1, 2022, 200, '2023-11-25 23:38:08', NULL, '2023-11-25 23:38:08', NULL, 18, NULL, 0),
(35, '256GB', 9140000.00, NULL, NULL, 1, 2022, 200, '2023-11-25 23:48:06', NULL, '2023-11-25 23:48:06', NULL, 19, NULL, 0),
(36, '128GB', 7140000.00, NULL, NULL, 1, 2022, 200, '2023-11-25 23:48:06', NULL, '2023-11-25 23:48:06', NULL, 19, NULL, 0),
(37, '65 inch', 13940000.00, NULL, NULL, 1, 2022, 200, '2023-11-25 23:54:01', NULL, '2023-11-25 23:54:01', NULL, 20, NULL, 0),
(38, '55 inch', 7990000.00, NULL, NULL, 1, 2022, 200, '2023-11-25 23:54:01', NULL, '2023-11-25 23:54:01', NULL, 20, NULL, 0),
(39, '43 inch', 5990000.00, NULL, NULL, 1, 2022, 200, '2023-11-25 23:54:01', NULL, '2023-11-25 23:54:01', NULL, 20, NULL, 0),
(40, 'Đen', 25940000.00, NULL, NULL, 1, 2022, 200, '2023-11-25 23:55:23', NULL, '2023-11-25 23:55:23', NULL, 21, NULL, 0),
(41, '65 inch', 25940000.00, NULL, NULL, 1, 2022, 200, '2023-11-25 23:58:54', NULL, '2023-11-25 23:58:54', NULL, 22, NULL, 0),
(42, '55 inch', 7990000.00, NULL, NULL, 1, 2022, 200, '2023-11-25 23:58:54', NULL, '2023-11-25 23:58:54', NULL, 22, NULL, 0),
(43, '43 inch', 5990000.00, NULL, NULL, 1, 2022, 200, '2023-11-25 23:58:54', NULL, '2023-11-25 23:58:54', NULL, 22, NULL, 0),
(44, 'Trắng', 16940000.00, NULL, NULL, 1, 2022, 198, '2023-11-26 00:00:49', NULL, '2023-11-26 00:00:49', NULL, 23, NULL, 0),
(45, 'Xanh dương', 13940000.00, NULL, NULL, 1, 2022, 200, '2023-11-26 00:14:41', NULL, '2023-11-26 00:14:41', NULL, 24, NULL, 0),
(46, 'Đen', 13940000.00, NULL, NULL, 1, 2022, 200, '2023-11-26 00:14:41', NULL, '2023-11-26 00:14:41', NULL, 24, NULL, 0),
(47, 'Xanh lá', 13940000.00, NULL, NULL, 1, 2022, 200, '2023-11-26 00:14:41', NULL, '2023-11-26 00:14:41', NULL, 24, NULL, 0),
(48, 'Vàng', 46940000.00, NULL, NULL, 1, 2022, 200, '2023-11-26 00:17:47', NULL, '2023-11-26 00:17:47', NULL, 25, NULL, 0),
(49, 'Đen', 4990000.00, NULL, NULL, 1, 2022, 200, '2023-11-26 00:17:47', NULL, '2023-11-26 00:17:47', NULL, 25, NULL, 0),
(50, '16GB - 512GB', 40940000.00, NULL, NULL, 1, 2023, 200, '2023-11-26 01:09:28', NULL, '2023-11-26 01:09:28', NULL, 26, NULL, 0),
(51, '8GB - 512GB', 34990000.00, NULL, NULL, 1, 2023, 200, '2023-11-26 01:09:28', NULL, '2023-11-26 01:09:28', NULL, 26, NULL, 0),
(52, '16GB - 256GB', 33990000.00, NULL, NULL, 1, 2023, 200, '2023-11-26 01:09:28', NULL, '2023-11-26 01:09:28', NULL, 26, NULL, 0),
(53, '8GB - 256GB', 18990000.00, NULL, NULL, 1, 2023, 200, '2023-11-26 01:09:28', NULL, '2023-11-26 01:09:28', NULL, 26, NULL, 0),
(54, 'Đen', 16940000.00, NULL, NULL, 1, 2023, 200, '2023-11-26 01:12:05', NULL, '2023-11-26 01:12:05', NULL, 27, NULL, 0),
(55, 'I5-11400H 8GB - 512GB RTX 3050', 17940000.00, NULL, NULL, 1, 2023, 200, '2023-11-26 01:17:16', NULL, '2023-11-26 01:17:16', NULL, 28, NULL, 0),
(56, 'I5-11400H 8GB - 512GB RTX 2050', 16990000.00, NULL, NULL, 1, 2023, 200, '2023-11-26 01:17:16', NULL, '2023-11-26 01:17:16', NULL, 28, NULL, 0),
(57, 'I5-10300H 8GB - 512GB RTX 1650', 14990000.00, NULL, NULL, 1, 2023, 200, '2023-11-26 01:17:16', NULL, '2023-11-26 01:17:16', NULL, 28, NULL, 0),
(58, 'Xám', 16940000.00, NULL, NULL, 1, 2023, 200, '2023-11-26 01:18:16', NULL, '2023-11-26 01:18:16', NULL, 29, NULL, 0),
(59, 'LTE 256GB', 17990000.00, NULL, NULL, 1, 2023, 200, '2023-11-26 01:21:06', NULL, '2023-11-26 01:21:06', NULL, 30, NULL, 0),
(60, 'Wifi 256GB', 16990000.00, NULL, NULL, 1, 2023, 200, '2023-11-26 01:21:06', NULL, '2023-11-26 01:21:06', NULL, 30, NULL, 0),
(61, 'LTE 64GB', 15990000.00, NULL, NULL, 1, 2023, 200, '2023-11-26 01:21:06', NULL, '2023-11-26 01:21:06', NULL, 30, NULL, 0),
(62, 'Wifi 64GB', 11990000.00, NULL, NULL, 1, 2023, 200, '2023-11-26 01:21:06', NULL, '2023-11-26 01:21:06', NULL, 30, NULL, 0),
(63, 'LTE 256GB', 17990000.00, NULL, NULL, 1, 2023, 200, '2023-11-26 01:22:32', NULL, '2023-11-26 01:22:32', NULL, 31, NULL, 0),
(64, 'Wifi 256GB', 16990000.00, NULL, NULL, 1, 2023, 200, '2023-11-26 01:22:32', NULL, '2023-11-26 01:22:32', NULL, 31, NULL, 0),
(65, 'LTE 64GB', 15990000.00, NULL, NULL, 1, 2023, 200, '2023-11-26 01:22:32', NULL, '2023-11-26 01:22:32', NULL, 31, NULL, 0),
(66, 'Wifi 64GB', 11990000.00, NULL, NULL, 1, 2023, 200, '2023-11-26 01:22:32', NULL, '2023-11-26 01:22:32', NULL, 31, NULL, 0),
(67, '55 inch', 7990000.00, NULL, NULL, 1, 2023, 200, '2023-11-26 01:23:36', NULL, '2023-11-26 01:23:36', NULL, 32, NULL, 0),
(68, '45 mm', 11990000.00, NULL, NULL, 1, 2023, 200, '2023-11-26 01:25:47', NULL, '2023-11-26 01:25:47', NULL, 33, NULL, 0),
(69, '44 mm', 10990000.00, NULL, NULL, 1, 2023, 200, '2023-11-26 01:25:47', NULL, '2023-11-26 01:25:47', NULL, 33, NULL, 0),
(70, 'Active - Trắng', 1990000.00, NULL, NULL, 1, 2023, 200, '2023-11-26 01:27:45', NULL, '2023-11-26 01:27:45', NULL, 34, NULL, 0),
(71, 'Pro - Trắng', 5990000.00, NULL, NULL, 1, 2023, 200, '2023-11-26 01:27:45', NULL, '2023-11-26 01:27:45', NULL, 34, NULL, 0),
(72, 'Active - Đen', 1990000.00, NULL, NULL, 1, 2023, 200, '2023-11-26 01:27:45', NULL, '2023-11-26 01:27:45', NULL, 34, NULL, 0),
(73, 'Pro - Đen', 5990000.00, NULL, NULL, 1, 2023, 200, '2023-11-26 01:27:45', NULL, '2023-11-26 01:27:45', NULL, 34, NULL, 0),
(74, 'Active - Xanh dương', 1990000.00, NULL, NULL, 1, 2023, 200, '2023-11-26 01:27:45', NULL, '2023-11-26 01:27:45', NULL, 34, NULL, 0),
(75, 'Pro - Xanh dương', 5990000.00, NULL, NULL, 1, 2023, 200, '2023-11-26 01:27:45', NULL, '2023-11-26 01:27:45', NULL, 34, NULL, 0),
(76, 'Dây da', 5990000.00, NULL, NULL, 1, 2023, 200, '2023-11-26 01:29:34', NULL, '2023-11-26 01:29:34', NULL, 35, NULL, 0),
(77, 'Dây thép', 7990000.00, NULL, NULL, 1, 2023, 200, '2023-11-26 01:29:34', NULL, '2023-11-26 01:29:34', NULL, 35, NULL, 0),
(78, 'Dây composite', 5990000.00, NULL, NULL, 1, 2023, 200, '2023-11-26 01:29:34', NULL, '2023-11-26 01:29:34', NULL, 35, NULL, 0),
(79, 'Dây silicon', 4990000.00, NULL, NULL, 1, 2023, 200, '2023-11-26 01:29:34', NULL, '2023-11-26 01:29:34', NULL, 35, NULL, 0),
(80, 'Dây da', 5990000.00, NULL, NULL, 1, 2023, 200, '2023-11-26 01:30:26', NULL, '2023-11-26 01:30:26', NULL, 36, NULL, 0),
(81, 'Dây thép', 7990000.00, NULL, NULL, 1, 2023, 200, '2023-11-26 01:30:26', NULL, '2023-11-26 01:30:26', NULL, 36, NULL, 0),
(82, 'Dây composite', 5990000.00, NULL, NULL, 1, 2023, 200, '2023-11-26 01:30:26', NULL, '2023-11-26 01:30:26', NULL, 36, NULL, 0),
(83, 'Dây silicon', 4990000.00, NULL, NULL, 1, 2023, 200, '2023-11-26 01:30:26', NULL, '2023-11-26 01:30:26', NULL, 36, NULL, 0),
(84, 'Dây da', 5990000.00, NULL, NULL, 1, 2023, 200, '2023-11-26 01:31:00', NULL, '2023-11-26 01:31:00', NULL, 37, NULL, 0),
(85, 'Dây thép', 7990000.00, NULL, NULL, 1, 2023, 200, '2023-11-26 01:31:00', NULL, '2023-11-26 01:31:00', NULL, 37, NULL, 0),
(86, 'Dây composite', 5990000.00, NULL, NULL, 1, 2023, 200, '2023-11-26 01:31:00', NULL, '2023-11-26 01:31:00', NULL, 37, NULL, 0),
(87, 'Dây silicon', 4990000.00, NULL, NULL, 1, 2023, 200, '2023-11-26 01:31:00', NULL, '2023-11-26 01:31:00', NULL, 37, NULL, 0),
(88, 'Dây da', 5990000.00, NULL, NULL, 1, 2023, 200, '2023-11-26 01:31:47', NULL, '2023-11-26 01:31:47', NULL, 38, NULL, 0),
(89, 'Dây thép', 7990000.00, NULL, NULL, 1, 2023, 200, '2023-11-26 01:31:47', NULL, '2023-11-26 01:31:47', NULL, 38, NULL, 0),
(90, 'Dây composite', 5990000.00, NULL, NULL, 1, 2023, 200, '2023-11-26 01:31:47', NULL, '2023-11-26 01:31:47', NULL, 38, NULL, 0),
(91, 'Dây silicon', 4990000.00, NULL, NULL, 1, 2023, 200, '2023-11-26 01:31:47', NULL, '2023-11-26 01:31:47', NULL, 38, NULL, 0);

-- 
-- Dumping data for table product_review
--
-- Table `ecommerce.product`.product_review does not contain any data (it is empty)

-- 
-- Dumping data for table product_promotion
--
-- Table `ecommerce.product`.product_promotion does not contain any data (it is empty)

-- 
-- Dumping data for table product_image
--
INSERT INTO product_image VALUES
(1, '638353264067380207.webp', 1, '2023-11-12 03:05:42', '', '2023-11-12 03:05:42', ''),
(2, '638353264067380207.webp', 1, '2023-11-12 03:05:42', '', '2023-11-12 03:05:42', ''),
(3, 'iphone-15-pro-max_5.webp', 1, '2023-11-12 03:05:42', '', '2023-11-12 03:05:42', ''),
(4, 'iphone-15-pro-max_7__2.webp', 1, '2023-11-12 03:05:42', '', '2023-11-12 03:05:42', ''),
(5, 'iphone-15-pro-max_8__2.webp', 1, '2023-11-12 03:05:42', '', '2023-11-12 03:05:42', ''),
(6, 'iphone-15-pro-max_9__2.webp', 1, '2023-11-12 03:05:42', '', '2023-11-12 03:05:42', ''),
(7, 'iphone-15-pro-max_10__2.webp', 1, '2023-11-12 03:05:42', '', '2023-11-12 03:05:42', '');

-- 
-- Restore previous SQL mode
-- 
/*!40101 SET SQL_MODE=@OLD_SQL_MODE */;

-- 
-- Enable foreign keys
-- 
/*!40014 SET FOREIGN_KEY_CHECKS = @OLD_FOREIGN_KEY_CHECKS */;



--
-- Script was generated by Devart dbForge Studio 2020 for MySQL, Version 9.0.338.0
-- Product home page: http://www.devart.com/dbforge/mysql/studio
-- Script date 12/4/2023 12:16:42 AM
-- Server version: 8.0.31
-- Client version: 4.1
--

-- 
-- Disable foreign keys
-- 
/*!40014 SET @OLD_FOREIGN_KEY_CHECKS=@@FOREIGN_KEY_CHECKS, FOREIGN_KEY_CHECKS=0 */;

-- 
-- Set SQL mode
-- 
/*!40101 SET @OLD_SQL_MODE=@@SQL_MODE, SQL_MODE='NO_AUTO_VALUE_ON_ZERO' */;

-- 
-- Set character set the client will use to send SQL statements to the server
--
SET NAMES 'utf8';

DROP DATABASE IF EXISTS `ecommerce.order`;

CREATE DATABASE IF NOT EXISTS `ecommerce.order`
CHARACTER SET utf8mb4
COLLATE utf8mb4_general_ci;

--
-- Set default database
--
USE `ecommerce.order`;

--
-- Create table `order`
--
CREATE TABLE IF NOT EXISTS `order` (
  ID int NOT NULL AUTO_INCREMENT,
  UserID char(36) DEFAULT NULL,
  CreatedDate datetime DEFAULT NULL,
  CreatedBy varchar(250) DEFAULT NULL,
  ModifiedDate datetime DEFAULT NULL,
  ModifiedBy varchar(250) DEFAULT NULL,
  Status tinyint DEFAULT NULL,
  CustomerName varchar(255) DEFAULT NULL,
  Email varchar(50) DEFAULT NULL,
  PRIMARY KEY (ID)
)
ENGINE = INNODB,
AUTO_INCREMENT = 207,
AVG_ROW_LENGTH = 85,
CHARACTER SET utf8mb4,
COLLATE utf8mb4_general_ci;

--
-- Create table `order_detail`
--
CREATE TABLE IF NOT EXISTS order_detail (
  ID int NOT NULL AUTO_INCREMENT,
  ProductItemID int DEFAULT NULL,
  Quantity int DEFAULT NULL,
  Price decimal(18, 2) DEFAULT NULL,
  Unit varchar(100) DEFAULT NULL,
  CreatedDate datetime DEFAULT NULL,
  ModifiedDate datetime DEFAULT NULL,
  CreatedBy varchar(250) DEFAULT NULL,
  ModifiedBy varchar(250) DEFAULT NULL,
  OrderID int NOT NULL,
  Discount decimal(4, 2) DEFAULT NULL,
  PRIMARY KEY (ID)
)
ENGINE = INNODB,
AUTO_INCREMENT = 194,
AVG_ROW_LENGTH = 90,
CHARACTER SET utf8mb4,
COLLATE utf8mb4_general_ci;

--
-- Create foreign key
--
ALTER TABLE order_detail
ADD CONSTRAINT FKOrderDetai762136 FOREIGN KEY (OrderID)
REFERENCES `order` (ID);



-- 
-- Restore previous SQL mode
-- 
/*!40101 SET SQL_MODE=@OLD_SQL_MODE */;

-- 
-- Enable foreign keys
-- 
/*!40014 SET FOREIGN_KEY_CHECKS = @OLD_FOREIGN_KEY_CHECKS */;


--
-- Script was generated by Devart dbForge Studio 2020 for MySQL, Version 9.0.338.0
-- Product home page: http://www.devart.com/dbforge/mysql/studio
-- Script date 12/4/2023 12:19:42 AM
-- Server version: 8.0.31
-- Client version: 4.1
--

-- 
-- Disable foreign keys
-- 
/*!40014 SET @OLD_FOREIGN_KEY_CHECKS=@@FOREIGN_KEY_CHECKS, FOREIGN_KEY_CHECKS=0 */;

-- 
-- Set SQL mode
-- 
/*!40101 SET @OLD_SQL_MODE=@@SQL_MODE, SQL_MODE='NO_AUTO_VALUE_ON_ZERO' */;

-- 
-- Set character set the client will use to send SQL statements to the server
--
SET NAMES 'utf8';

DROP DATABASE IF EXISTS `ecommerce.shipment`;

CREATE DATABASE IF NOT EXISTS `ecommerce.shipment`
CHARACTER SET utf8mb4
COLLATE utf8mb4_general_ci;

--
-- Set default database
--
USE `ecommerce.shipment`;

--
-- Create table `shipment`
--
CREATE TABLE IF NOT EXISTS shipment (
  ID int NOT NULL AUTO_INCREMENT,
  OrderID int DEFAULT NULL,
  ReceiverName varchar(250) DEFAULT NULL,
  City varchar(500) DEFAULT NULL,
  District varchar(250) DEFAULT NULL,
  PhoneNumber char(11) DEFAULT NULL,
  TrackingNumber int DEFAULT NULL,
  ShipDate datetime DEFAULT NULL,
  Address text DEFAULT NULL,
  CreatedDate datetime DEFAULT NULL,
  ModifiedDate datetime DEFAULT NULL,
  CreatedBy varchar(250) DEFAULT NULL,
  ModifiedBy varchar(250) DEFAULT NULL,
  Ward varchar(255) DEFAULT NULL,
  PRIMARY KEY (ID)
)
ENGINE = INNODB,
AUTO_INCREMENT = 132,
AVG_ROW_LENGTH = 137,
CHARACTER SET utf8mb4,
COLLATE utf8mb4_general_ci;

-- 
-- Dumping data for table shipment
--

-- 
-- Restore previous SQL mode
-- 
/*!40101 SET SQL_MODE=@OLD_SQL_MODE */;

-- 
-- Enable foreign keys
-- 
/*!40014 SET FOREIGN_KEY_CHECKS = @OLD_FOREIGN_KEY_CHECKS */;




--
-- Script was generated by Devart dbForge Studio 2020 for MySQL, Version 9.0.338.0
-- Product home page: http://www.devart.com/dbforge/mysql/studio
-- Script date 12/6/2023 12:04:06 AM
-- Server version: 8.0.31
-- Client version: 4.1
--

-- 
-- Disable foreign keys
-- 
/*!40014 SET @OLD_FOREIGN_KEY_CHECKS=@@FOREIGN_KEY_CHECKS, FOREIGN_KEY_CHECKS=0 */;

-- 
-- Set SQL mode
-- 
/*!40101 SET @OLD_SQL_MODE=@@SQL_MODE, SQL_MODE='NO_AUTO_VALUE_ON_ZERO' */;

-- 
-- Set character set the client will use to send SQL statements to the server
--
SET NAMES 'utf8';

DROP DATABASE IF EXISTS `ecommerce.payment`;

CREATE DATABASE IF NOT EXISTS `ecommerce.payment`
CHARACTER SET utf8mb4
COLLATE utf8mb4_general_ci;

--
-- Set default database
--
USE `ecommerce.payment`;

--
-- Create table `payment_method`
--
CREATE TABLE IF NOT EXISTS payment_method (
  ID int NOT NULL AUTO_INCREMENT,
  Name varchar(250) NOT NULL,
  Uri varchar(500) DEFAULT NULL,
  CreatedDate datetime DEFAULT NULL,
  ModifiedDate datetime DEFAULT NULL,
  CreatedBy varchar(250) DEFAULT NULL,
  ModifiedBy varchar(250) DEFAULT NULL,
  ThumbnailImage varchar(255) DEFAULT NULL,
  PaymentMethodCode char(50) DEFAULT NULL,
  PRIMARY KEY (ID)
)
ENGINE = INNODB,
AUTO_INCREMENT = 6,
AVG_ROW_LENGTH = 3276,
CHARACTER SET utf8mb4,
COLLATE utf8mb4_general_ci;

--
-- Create table `payment`
--
CREATE TABLE IF NOT EXISTS payment (
  ID int NOT NULL AUTO_INCREMENT,
  UserID char(36) DEFAULT NULL,
  OrderID int NOT NULL,
  CreatedDate datetime DEFAULT NULL,
  CreatedBy varchar(250) DEFAULT NULL,
  ModifiedDate datetime DEFAULT NULL,
  ModifiedBy varchar(250) DEFAULT NULL,
  Status int DEFAULT NULL,
  PaymentMethodID int NOT NULL,
  Total decimal(12, 2) DEFAULT NULL,
  PRIMARY KEY (ID)
)
ENGINE = INNODB,
AUTO_INCREMENT = 186,
AVG_ROW_LENGTH = 98,
CHARACTER SET utf8mb4,
COLLATE utf8mb4_general_ci;

--
-- Create foreign key
--
ALTER TABLE payment
ADD CONSTRAINT FKPayment174483 FOREIGN KEY (PaymentMethodID)
REFERENCES payment_method (ID);

-- 
-- Dumping data for table payment_method
--
INSERT INTO payment_method VALUES
(1, 'Thanh toán khi nhận hàng', '', '2023-11-04 11:14:41', '2023-11-04 11:14:41', '', '', NULL, NULL),
(2, 'Stripe', '', '2023-11-04 11:14:41', '2023-11-04 11:14:41', '', '', NULL, NULL),
(3, 'Paypal', '', '2023-11-04 11:14:41', '2023-11-04 11:14:41', '', '', NULL, NULL),
(4, 'VNPay', '', '2023-11-04 11:14:41', '2023-11-04 11:14:41', '', '', NULL, NULL),
(5, 'Momo', '', '2023-11-04 11:14:41', '2023-11-04 11:14:41', '', '', NULL, NULL);

-- 
-- Dumping data for table payment
--

-- 
-- Restore previous SQL mode
-- 
/*!40101 SET SQL_MODE=@OLD_SQL_MODE */;

-- 
-- Enable foreign keys
-- 
/*!40014 SET FOREIGN_KEY_CHECKS = @OLD_FOREIGN_KEY_CHECKS */;


--
-- Script was generated by Devart dbForge Studio 2020 for MySQL, Version 9.0.338.0
-- Product home page: http://www.devart.com/dbforge/mysql/studio
-- Script date 12/4/2023 12:20:31 AM
-- Server version: 8.0.31
-- Client version: 4.1
--

-- 
-- Disable foreign keys
-- 
/*!40014 SET @OLD_FOREIGN_KEY_CHECKS=@@FOREIGN_KEY_CHECKS, FOREIGN_KEY_CHECKS=0 */;

-- 
-- Set SQL mode
-- 
/*!40101 SET @OLD_SQL_MODE=@@SQL_MODE, SQL_MODE='NO_AUTO_VALUE_ON_ZERO' */;






-- 
-- Set character set the client will use to send SQL statements to the server
--
SET NAMES 'utf8';

DROP DATABASE IF EXISTS `ecommerce.user`;

CREATE DATABASE IF NOT EXISTS `ecommerce.user`
CHARACTER SET utf8mb4
COLLATE utf8mb4_general_ci;

--
-- Set default database
--
USE `ecommerce.user`;

--
-- Create table `user`
--
CREATE TABLE IF NOT EXISTS user (
  UserID char(36) NOT NULL DEFAULT '' COMMENT 'ID của người dùng',
  UserCode varchar(20) NOT NULL DEFAULT '' COMMENT 'Mã người dùng',
  UserName varchar(100) NOT NULL DEFAULT '' COMMENT 'Tai khoan',
  Password varchar(100) NOT NULL DEFAULT '' COMMENT 'mat khau',
  FullName varchar(100) NOT NULL DEFAULT '' COMMENT 'Tên người dùng',
  Email varchar(255) NOT NULL DEFAULT '' COMMENT 'Email người dùng',
  Status tinyint NOT NULL COMMENT 'Trạng thái',
  CreatedDate datetime DEFAULT NULL COMMENT 'Ngày tạo',
  CreatedBy varchar(100) DEFAULT NULL COMMENT 'Tạo bởi',
  ModifiedDate datetime DEFAULT NULL COMMENT 'Ngày sửa',
  ModifiedBy varchar(100) DEFAULT NULL COMMENT 'Sửa bởi',
  PRIMARY KEY (UserID)
)
ENGINE = INNODB,
CHARACTER SET utf8mb4,
COLLATE utf8mb4_general_ci;

--
-- Create table `role`
--
CREATE TABLE IF NOT EXISTS role (
  RoleID char(36) NOT NULL DEFAULT '',
  RoleName varchar(255) NOT NULL DEFAULT '' COMMENT 'Tên vai trò',
  Description varchar(500) DEFAULT NULL COMMENT 'Mô tả',
  CreatedDate datetime DEFAULT NULL COMMENT 'Ngày tạo',
  CreatedBy varchar(100) DEFAULT NULL COMMENT 'Tạo bởi',
  ModifiedDate datetime DEFAULT NULL COMMENT 'Ngày sửa',
  ModifiedBy varchar(100) DEFAULT NULL COMMENT 'Sửa bởi',
  RoleCode varchar(255) DEFAULT NULL,
  PRIMARY KEY (RoleID)
)
ENGINE = INNODB,
AVG_ROW_LENGTH = 16384,
CHARACTER SET utf8mb4,
COLLATE utf8mb4_general_ci;

--
-- Create table `user_role`
--
CREATE TABLE IF NOT EXISTS user_role (
  UserID char(36) NOT NULL DEFAULT '' COMMENT 'ID người dùng',
  RoleID char(36) NOT NULL DEFAULT '' COMMENT 'ID vai trò',
  PRIMARY KEY (UserID, RoleID)
)
ENGINE = INNODB,
AVG_ROW_LENGTH = 144,
CHARACTER SET utf8mb4,
COLLATE utf8mb4_general_ci,
COMMENT = 'Bảng vai trò của người dùng';

--
-- Create index `IX_userrole_RoleID` on table `user_role`
--
ALTER TABLE user_role
ADD INDEX IX_userrole_RoleID (RoleID);

--
-- Create index `IX_userrole_UserID` on table `user_role`
--
ALTER TABLE user_role
ADD INDEX IX_userrole_UserID (UserID);

--
-- Create foreign key
--
ALTER TABLE user_role
ADD CONSTRAINT FK_userrole_RoleID FOREIGN KEY (RoleID)
REFERENCES role (RoleID);

--
-- Create foreign key
--
ALTER TABLE user_role
ADD CONSTRAINT FK_userrole_UserID FOREIGN KEY (UserID)
REFERENCES user (UserID);

-- 
-- Dumping data for table user
--
INSERT INTO user VALUES
('eb7f4b83-87cc-11ee-8b32-0250832bcf68', 'ADMIN', 'admin', '8d969eef6ecad3c29a3a629280e686cf0c3f5d5a86aff3ca12020c923adc6c92', 'Admin', 'admin@gmail.com', 1, NULL, NULL, NULL, NULL),
('ft3f4b32-24cc-11ee-8b32-1238528tgf48', 'MDLONG', 'mdlong', '8d969eef6ecad3c29a3a629280e686cf0c3f5d5a86aff3ca12020c923adc6c92', 'Mai Đại Long', 'maidailong219@gmail.com', 1, NULL, NULL, NULL, NULL);

-- 
-- Dumping data for table role
--
INSERT INTO role VALUES
('3d262a90-87cd-11ee-8b32-0250832bcf68', 'Quản trị viên hệ thống', NULL, NULL, NULL, NULL, NULL, 'ADMIN'),
('tt1f4b74-91gq-41rx-4c50-5435462tpv19', 'Người dùng', NULL, NULL, NULL, NULL, NULL, 'USER');

-- 
-- Dumping data for table user_role
--
INSERT INTO user_role VALUES
('eb7f4b83-87cc-11ee-8b32-0250832bcf68', '3d262a90-87cd-11ee-8b32-0250832bcf68'),
('ft3f4b32-24cc-11ee-8b32-1238528tgf48', 'tt1f4b74-91gq-41rx-4c50-5435462tpv19');

-- 
-- Restore previous SQL mode
-- 
/*!40101 SET SQL_MODE=@OLD_SQL_MODE */;

-- 
-- Enable foreign keys
-- 
/*!40014 SET FOREIGN_KEY_CHECKS = @OLD_FOREIGN_KEY_CHECKS */;